Cesk,Commodity,Trader Name,Trader Email,CQuantity
C-4348,Soybean Oil,Bernice Miller,dih@musizheb.ao,"9,127"
C-841,Adzuki bean,Virginia Dawson,fehujav@owihu.nz,"26,977"
C-3876,Coffee C,Aaron Duncan,mivondi@ri.fm,"77,894"
C-6656,Frozen Concentrated Orange Juice,Minerva Burgess,jozwu@gukbe.om,"88,803"
C-1823,Rough Rice,William Allison,abikaih@gap.cc,"19,919"
C-8081,Soybeans,Jacob Washington,heaze@okatu.tm,"37,491"
C-1099,Soybeans,Chris Wolfe,oruzaplud@fav.gn,"85,289"
C-9730,Cotton No.2,Lois Armstrong,aja@ba.bw,"50,381"
C-4358,Cotton No.2,Herman Curry,joilaje@ifu.kh,"42,471"
C-1670,Corn,Tom Floyd,bo@kaplu.lu,"82,596"
C-5629,Coffee C,Carl Ballard,fib@maz.rs,"92,427"
C-6117,Wheat,Mollie Larson,se@bi.gp,"32,125"
C-5510,Soybeans,Luis Barker,viiv@cehecnaw.sk,"86,239"
C-6362,Adzuki bean,Evan Freeman,ataew@ohuh.bt,"4,286"
C-8614,Robusta coffee,Alma Ramsey,je@ke.fr,"97,941"
C-8044,Soybean Oil,Norman Campbell,tuha@ecoko.jm,"51,302"
C-3837,Wheat,Danny Graves,ugarus@fa.uz,"35,917"
C-6462,Sugar No.14,Amanda Weber,suuj@piagehip.cf,"83,032"
C-5361,Cotton No.2,Travis Manning,cewgate@calzik.gg,"43,748"
C-4072,Sugar No.14,Micheal Lamb,piicoro@ziutiaz.om,"78,488"
C-7185,Soybean Oil,Leroy Burns,ezta@bal.tp,"41,709"
C-4394,Frozen Concentrated Orange Juice,Warren Baldwin,umeojhol@semorewos.ni,"51,450"
C-3385,Wheat,Dustin Patton,uk@vumgu.tn,"8,088"
C-6955,Sugar No.11,Alma Lamb,laec@uriggec.tw,"70,013"
C-8388,Soybeans,Ivan Hoffman,gosojve@bodiz.bw,"6,850"
C-186,Soybean Meal,Bryan Wells,map@wonizzo.nf,"41,748"
C-9429,Oats,Carl Shelton,pu@nakzepok.pe,"56,638"
C-5953,Sugar No.11,Rose Lawson,tu@cosuvpu.edu,"64,915"
C-8769,Cotton No.2,Alvin Mack,lapoji@igiifzot.tw,"76,755"
C-9351,Milk,Bryan Richardson,jikiage@nutgal.bg,"44,114"
C-9354,Frozen Concentrated Orange Juice,Isabelle Howard,iceegpic@nadpovse.nr,"79,379"
C-1541,Soybean Oil,Marvin McBride,ifakiczi@ibsu.vc,"83,982"
C-8543,Sugar No.11,William James,wakwuwo@gef.bw,"30,858"
C-6636,Soybeans,Carrie Tate,ewizimlib@tavi.am,"70,538"
C-7633,Rapeseed,Hilda Reed,sis@du.ga,"11,949"
C-3233,Milk,Rachel Jenkins,wesjut@leitsi.bn,"22,750"
C-6088,Soybeans,Ruth Ortega,pigoj@cofij.cd,"65,796"
C-7946,Soybeans,Michael Palmer,lubak@awfe.net,"72,567"
C-6038,Rapeseed,Dollie Zimmerman,riv@foswa.kh,"34,214"
C-3300,Milk,Maud Shaw,dusvul@biduvi.ml,"93,734"
C-2631,Sugar No.11,Flora Ray,zokco@hitufbek.kn,"32,878"
C-6839,Sugar No.14,Estella Gonzalez,lupwo@sodvim.by,"59,598"
C-9072,Coffee C,Brent Cobb,cak@hadwumud.ao,"33,878"
C-7258,Rapeseed,Stephen Chavez,tampehan@ududu.tv,"26,067"
C-1031,Sugar No.11,Nelle Fox,beptanij@cohobatad.ck,"49,470"
C-4819,Cocoa,Lillian Turner,lioneuna@zefogdic.cz,"71,548"
C-2896,Rough Rice,Ina Hammond,mafe@bokjiroh.sl,"53,223"
C-2707,Rough Rice,Sam Malone,iwnar@jizdub.au,"1,009"
C-7201,Robusta coffee,Bessie Erickson,po@ci.dk,"67,677"
C-233,Cotton No.2,Harvey Bowers,ja@cieho.sa,"91,397"
C-7910,Corn,Beatrice Brown,ed@dana.ni,"47,708"
C-9750,Sugar No.14,Sadie Robbins,dafjefa@kup.pg,"16,780"
C-4753,Rough Rice,Cordelia Ramirez,botjozke@ukiovi.jm,"57,054"
C-5053,Soybean Meal,Russell Clarke,fabaan@hefanoz.cz,"96,595"
C-2083,Milk,Aiden Rios,kul@wufna.tk,"88,635"
C-163,Soybean Meal,Gabriel Valdez,ju@jodammo.net,"10,810"
C-1109,Sugar No.14,Jose Soto,puj@likeviv.kz,"94,140"
C-6982,Wheat,Tommy Foster,samob@nirja.do,"50,738"
C-6121,Cocoa,Chester Atkins,bilta@du.gp,"19,760"
C-1385,Frozen Concentrated Orange Juice,Derrick Houston,umo@epu.ci,"77,309"
C-5523,Robusta coffee,Harriet Carpenter,ovu@luf.fr,"1,693"
C-4765,Soybean Meal,Jeff Garza,ukuviri@wobri.is,"67,875"
C-4671,Sugar No.11,Rosie Gill,efeelfe@heezlu.om,"96,060"
C-205,Soybean Oil,Mae Hale,bojge@go.mm,"50,124"
C-8969,Rapeseed,Anne Swanson,ganis@zacal.ky,"22,809"
C-3299,Rough Rice,Vernon Maxwell,femak@tofic.ai,"78,408"
C-4669,Rapeseed,Nora Higgins,elpu@fi.tl,"10,117"
C-5159,Sugar No.11,Myrtle Powell,re@laz.ss,"73,062"
C-4904,Soybean Meal,Violet Walters,hotzashil@vuci.bt,"36,283"
C-1895,Cotton No.2,Edgar Carlson,lunoij@nulvajo.dm,"79,755"
C-1078,Robusta coffee,Ollie Lawrence,reba@sakboofu.ge,"22,720"
C-4983,Cotton No.2,Edward Reid,feda@duumfa.gg,"40,243"
C-6112,Soybeans,Addie Klein,toet@kog.gd,"46,867"
C-8715,Rapeseed,Sara Hunter,megte@hatugtem.cz,"45,362"
C-9995,Sugar No.11,Luke Cobb,imowalheh@ehna.ky,"81,913"
C-2736,Rough Rice,Michael Collier,pebvit@tiazce.kw,"20,899"
C-7151,Corn,Randy Estrada,winpulpaz@losivhit.gg,"38,580"
C-1446,Rapeseed,Leo Thompson,abdisoc@sazul.ke,"71,003"
C-3080,Cotton No.2,Agnes Cole,vibca@jek.uz,"73,864"
C-4166,Robusta coffee,Marian Griffin,maco@ilzufnu.cd,"24,235"
C-9529,Sugar No.11,Lulu Stewart,acakeij@seep.tn,"45,382"
C-6721,Sugar No.11,Georgia Nelson,goegi@def.fj,"23,661"
C-8179,Soybean Oil,Travis Daniel,sa@peohe.hm,"10,642"
C-8006,Sugar No.14,May Miles,tul@re.tm,"20,740"
C-3088,Soybeans,Franklin Underwood,moge@pepuzo.id,"77,359"
C-8006,Milk,Hallie Bennett,ra@us.gi,"1,673"
C-5290,Cotton No.2,Anthony Harrison,hehurpag@suf.gb,"49,064"
C-2531,Corn,Joshua Blair,pazili@fum.la,"55,678"
C-4585,Soybeans,Nathaniel Wade,esezuoju@sihe.ne,"72,686"
C-5080,Rapeseed,Susie Burgess,genbof@ah.bw,"5,573"
C-7063,Cotton No.2,Harold Williamson,ogsomji@ucpuh.mk,"92,071"
C-5506,Sugar No.14,Lily Daniel,pubekhir@se.im,"95,714"
C-4616,Adzuki bean,Ethan Anderson,en@bak.mv,"34,115"
C-6803,Sugar No.11,Justin Ortega,got@sesjeme.to,"8,009"
C-925,Adzuki bean,Bessie Campbell,cefe@ipu.th,"58,489"
C-2354,Soybean Meal,Hattie Barber,sogpon@mi.lc,"14,612"
C-6242,Sugar No.14,Duane Griffith,dikog@tatsah.me,"23,532"
C-3,Soybean Meal,Catherine Rodgers,osu@goma.sk,"19,087"
C-8868,Soybean Meal,Charlotte Peters,pugema@tafvustah.cx,"39,857"
C-1885,Cocoa,Travis Stokes,mipteha@behzicon.tl,"66,825"